Name,Link
Zorzo da Castelfranco,https://web.archive.org/web/20121010201041/http://www.nga.gov/cgi-bin/tsearch?artistid=1341
"Zox, Larry",https://web.archive.org/web/20121010201041/http://www.nga.gov/cgi-bin/tsearch?artistid=6731
Zsissly,https://web.archive.org/web/20121010201041/http://www.nga.gov/cgi-bin/tsearch?artistid=6496
"Zuccarelli, Francesco",https://web.archive.org/web/20121010201041/http://www.nga.gov/cgi-bin/tsearch?artistid=6350
"Zuccarello, Anthony",https://web.archive.org/web/20121010201041/http://www.nga.gov/cgi-bin/tsearch?artistid=8237
"Zuccari, Federico",https://web.archive.org/web/20121010201041/http://www.nga.gov/cgi-bin/tsearch?artistid=2812
"Zuccari, Taddeo",https://web.archive.org/web/20121010201041/http://www.nga.gov/cgi-bin/tsearch?artistid=2813
"Zuccaro, Federico",https://web.archive.org/web/20121010201041/http://www.nga.gov/cgi-bin/tsearch?artistid=2812
"Zuccaro, Federigo",https://web.archive.org/web/20121010201041/http://www.nga.gov/cgi-bin/tsearch?artistid=2812
"Zuccaro, Taddeo",https://web.archive.org/web/20121010201041/http://www.nga.gov/cgi-bin/tsearch?artistid=2813
"Zucchi, Andrea",https://web.archive.org/web/20121010201041/http://www.nga.gov/cgi-bin/tsearch?artistid=3468
"Zucchi, Antonio",https://web.archive.org/web/20121010201041/http://www.nga.gov/cgi-bin/tsearch?artistid=6040
"Zucchi, Francesco",https://web.archive.org/web/20121010201041/http://www.nga.gov/cgi-bin/tsearch?artistid=3469
"Zucchi, Giuseppe Carlo",https://web.archive.org/web/20121010201041/http://www.nga.gov/cgi-bin/tsearch?artistid=20911
"Zucchi, Jacopo",https://web.archive.org/web/20121010201041/http://www.nga.gov/cgi-bin/tsearch?artistid=5578
"Zucchi, Lorenzo",https://web.archive.org/web/20121010201041/http://www.nga.gov/cgi-bin/tsearch?artistid=3470
"Zuelch, Clarence Edward",https://web.archive.org/web/20121010201041/http://www.nga.gov/cgi-bin/tsearch?artistid=34160
"Zuloaga, Ignacio",https://web.archive.org/web/20121010201041/http://www.nga.gov/cgi-bin/tsearch?artistid=1992
"Zuloaga y Zabaleta, Ignacio",https://web.archive.org/web/20121010201041/http://www.nga.gov/cgi-bin/tsearch?artistid=1992
"Zumwalt, Gail Delaney",https://web.archive.org/web/20121010201041/http://www.nga.gov/cgi-bin/tsearch?artistid=34984
"Zundt, Mathis",https://web.archive.org/web/20121010201041/http://www.nga.gov/cgi-bin/tsearch?artistid=3471
"Zupa, Nicholas",https://web.archive.org/web/20121010201041/http://www.nga.gov/cgi-bin/tsearch?artistid=8238
"Zurbarán, Francisco de",https://web.archive.org/web/20121010201041/http://www.nga.gov/cgi-bin/tsearch?artistid=1993
"Zustris, Friedrich",https://web.archive.org/web/20121010201041/http://www.nga.gov/cgi-bin/tsearch?artistid=2767
"Zutman III, Lambert",https://web.archive.org/web/20121010201041/http://www.nga.gov/cgi-bin/tsearch?artistid=3472
"Zwiers, Willem",https://web.archive.org/web/20121010201041/http://www.nga.gov/cgi-bin/tsearch?artistid=5713
"Zwiers, Wim",https://web.archive.org/web/20121010201041/http://www.nga.gov/cgi-bin/tsearch?artistid=5713
"Zwysen, Henry",https://web.archive.org/web/20121010201041/http://www.nga.gov/cgi-bin/tsearch?artistid=8239
"Zykmund, Václav",https://web.archive.org/web/20121010201041/http://www.nga.gov/cgi-bin/tsearch?artistid=24614
